{
  "Total" : {
    "transaction" : "Total",
    "sampleCount" : 774221,
    "errorCount" : 204555,
    "errorPct" : 26.420752,
    "meanResTime" : 86.99500530210481,
    "medianResTime" : 1.0,
    "minResTime" : 0.0,
    "maxResTime" : 1008.0,
    "pct1ResTime" : 224.0,
    "pct2ResTime" : 241.0,
    "pct3ResTime" : 297.0,
    "throughput" : 6377.963588433973,
    "receivedKBytesPerSec" : 61192.993616584456,
    "sentKBytesPerSec" : 0.0
  },
  "MakePDF" : {
    "transaction" : "MakePDF",
    "sampleCount" : 774221,
    "errorCount" : 204555,
    "errorPct" : 26.420752,
    "meanResTime" : 86.99500530210481,
    "medianResTime" : 1.0,
    "minResTime" : 0.0,
    "maxResTime" : 1008.0,
    "pct1ResTime" : 224.0,
    "pct2ResTime" : 241.0,
    "pct3ResTime" : 297.0,
    "throughput" : 6377.963588433973,
    "receivedKBytesPerSec" : 61192.993616584456,
    "sentKBytesPerSec" : 0.0
  }
}