{
  "Total" : {
    "transaction" : "Total",
    "sampleCount" : 774221,
    "errorCount" : 0,
    "errorPct" : 0.0,
    "meanResTime" : 52.4288452521936,
    "medianResTime" : 105.0,
    "minResTime" : 0.0,
    "maxResTime" : 504.0,
    "pct1ResTime" : 170.0,
    "pct2ResTime" : 194.0,
    "pct3ResTime" : 258.0,
    "throughput" : 6128.851208004813,
    "receivedKBytesPerSec" : 79881.55131936281,
    "sentKBytesPerSec" : 0.0
  },
  "MakePDF" : {
    "transaction" : "MakePDF",
    "sampleCount" : 774221,
    "errorCount" : 0,
    "errorPct" : 0.0,
    "meanResTime" : 52.4288452521936,
    "medianResTime" : 105.0,
    "minResTime" : 0.0,
    "maxResTime" : 504.0,
    "pct1ResTime" : 170.0,
    "pct2ResTime" : 194.0,
    "pct3ResTime" : 258.0,
    "throughput" : 6128.851208004813,
    "receivedKBytesPerSec" : 79881.55131936281,
    "sentKBytesPerSec" : 0.0
  }
}