{
  "Total" : {
    "transaction" : "Total",
    "sampleCount" : 774221,
    "errorCount" : 748032,
    "errorPct" : 96.61737,
    "meanResTime" : 27.36618097416568,
    "medianResTime" : 8.0,
    "minResTime" : 0.0,
    "maxResTime" : 1271.0,
    "pct1ResTime" : 32.0,
    "pct2ResTime" : 55.0,
    "pct3ResTime" : 608.0,
    "throughput" : 7142.194260200552,
    "receivedKBytesPerSec" : 3310.5639646860964,
    "sentKBytesPerSec" : 0.0
  },
  "MakePDF" : {
    "transaction" : "MakePDF",
    "sampleCount" : 774221,
    "errorCount" : 748032,
    "errorPct" : 96.61737,
    "meanResTime" : 27.36618097416568,
    "medianResTime" : 8.0,
    "minResTime" : 0.0,
    "maxResTime" : 1271.0,
    "pct1ResTime" : 32.0,
    "pct2ResTime" : 55.0,
    "pct3ResTime" : 608.0,
    "throughput" : 7142.194260200552,
    "receivedKBytesPerSec" : 3310.5639646860964,
    "sentKBytesPerSec" : 0.0
  }
}