{
  "Total" : {
    "transaction" : "Total",
    "sampleCount" : 774221,
    "errorCount" : 774221,
    "errorPct" : 100.0,
    "meanResTime" : 12.652537195451806,
    "medianResTime" : 9.0,
    "minResTime" : 0.0,
    "maxResTime" : 1043.0,
    "pct1ResTime" : 28.0,
    "pct2ResTime" : 42.0,
    "pct3ResTime" : 1002.0,
    "throughput" : 7567.329026204417,
    "receivedKBytesPerSec" : 177.66924919791126,
    "sentKBytesPerSec" : 0.0
  },
  "MakePDF" : {
    "transaction" : "MakePDF",
    "sampleCount" : 774221,
    "errorCount" : 774221,
    "errorPct" : 100.0,
    "meanResTime" : 12.652537195451806,
    "medianResTime" : 9.0,
    "minResTime" : 0.0,
    "maxResTime" : 1043.0,
    "pct1ResTime" : 28.0,
    "pct2ResTime" : 42.0,
    "pct3ResTime" : 1002.0,
    "throughput" : 7567.329026204417,
    "receivedKBytesPerSec" : 177.66924919791126,
    "sentKBytesPerSec" : 0.0
  }
}